{
  "object points": [
    [
      40.0,
      40.0,
      0.0
    ],
    [
      40.0,
      0.0,
      0.0
    ],
    [
      0.0,
      40.0,
      0.0
    ],
    [
      0.0,
      0.0,
      0.0
    ]
  ],
  "camera points": [
    [
      230.0,
      164.0
    ],
    [
      33.0,
      191.0
    ],
    [
      278.0,
      318.0
    ],
    [
      46.0,
      366.0
    ]
  ],
  "project points": [
    [
      [
        229.46966552734375,
        164.16513061523438
      ]
    ],
    [
      [
        33.639617919921875,
        190.86386108398438
      ]
    ],
    [
      [
        278.54632568359375,
        317.7545166015625
      ]
    ],
    [
      [
        45.33565902709961,
        366.19610595703125
      ]
    ]
  ],
  "K": [
    [
      631.2453772030965,
      0.0,
      322.911883692497
    ],
    [
      0.0,
      631.2800731640608,
      222.78788200572723
    ],
    [
      0.0,
      0.0,
      1.0
    ]
  ],
  "dist": [
    [
      -0.011943750104981938,
      0.3106697669211311,
      -0.007551238957016387,
      0.002978774937172647,
      -1.3475241474148094
    ]
  ],
  "R": [
    [
      -0.3080833886071317,
      -0.7507990347412014,
      0.5842819825187381
    ],
    [
      0.943773842797654,
      -0.16379551156072888,
      0.28716191259202173
    ],
    [
      -0.11989812056615379,
      0.6398998670293963,
      0.7590471664267409
    ]
  ],
  "x_angle_deg": 40.13190825796516,
  "y_angle_deg": 6.886222866518468,
  "z_angle_deg": 108.07863611387302,
  "translation": [
    -56.33770726663881,
    17.60432431776764,
    -98.83490357887337
  ]
}